{
    "MEGCoordinateSystem": "Elekta",
    "MEGCoordinateUnits": "m",
    "HeadCoilCoordinates": {
        "NAS": [
            -2.7755575615628914e-17,
            0.0963367149233818,
            -2.7755575615628914e-17
        ],
        "LPA": [
            -0.07053021341562271,
            0.0,
            0.0
        ],
        "RPA": [
            0.06993145495653152,
            0.0,
            2.7755575615628914e-17
        ],
        "coil1": [
            -0.06560766696929932,
            0.008591518737375736,
            -0.006781117059290409
        ],
        "coil2": [
            0.06525528430938721,
            0.008937382139265537,
            -0.0045225792564451694
        ],
        "coil3": [
            -0.0043540941551327705,
            0.10588248074054718,
            0.029501989483833313
        ],
        "coil4": [
            -0.04952799156308174,
            0.08494395762681961,
            0.030037879943847656
        ],
        "coil5": [
            0.04190513864159584,
            0.09006766229867935,
            0.038636621087789536
        ]
    },
    "HeadCoilCoordinateSystem": "RAS",
    "HeadCoilCoordinateUnits": "m"
}
