{
    "MEGCoordinateSystem": "Elekta",
    "MEGCoordinateUnits": "m",
    "HeadCoilCoordinates": {
        "NAS": [
            -2.7755575615628914e-17,
            0.09288427233695984,
            5.551115123125783e-17
        ],
        "LPA": [
            -0.07530315220355988,
            0.0,
            5.551115123125783e-17
        ],
        "RPA": [
            0.07256222516298294,
            0.0,
            5.551115123125783e-17
        ],
        "coil1": [
            -0.07041262835264206,
            0.01331754494458437,
            -0.005064384080469608
        ],
        "coil2": [
            0.06677726656198502,
            0.010048788040876389,
            -0.008086876943707466
        ],
        "coil3": [
            -0.0065141888335347176,
            0.10695204883813858,
            0.028253525495529175
        ],
        "coil4": [
            -0.05107014253735542,
            0.08694213628768921,
            0.03258082643151283
        ],
        "coil5": [
            0.03809092193841934,
            0.09295748919248581,
            0.03563243895769119
        ]
    },
    "HeadCoilCoordinateSystem": "RAS",
    "HeadCoilCoordinateUnits": "m"
}
