{
    "MEGCoordinateSystem": "Elekta",
    "MEGCoordinateUnits": "m",
    "HeadCoilCoordinates": {
        "NAS": [
            -2.7755575615628914e-17,
            0.10182788223028183,
            0.0
        ],
        "LPA": [
            -0.07552199065685272,
            5.551115123125783e-17,
            0.0
        ],
        "RPA": [
            0.07151597738265991,
            0.0,
            0.0
        ],
        "coil1": [
            -0.071269191801548,
            0.011321816593408585,
            0.0014088635798543692
        ],
        "coil2": [
            0.0676206648349762,
            0.007227079942822456,
            0.0010766801424324512
        ],
        "coil3": [
            -0.012906581163406372,
            0.10717042535543442,
            0.03832580894231796
        ],
        "coil4": [
            -0.057904306799173355,
            0.08187387138605118,
            0.03679554536938667
        ],
        "coil5": [
            0.028598621487617493,
            0.09952452033758163,
            0.04052068293094635
        ]
    },
    "HeadCoilCoordinateSystem": "RAS",
    "HeadCoilCoordinateUnits": "m"
}
