{
    "MEGCoordinateSystem": "Elekta",
    "MEGCoordinateUnits": "m",
    "HeadCoilCoordinates": {
        "NAS": [
            0.0,
            0.10667292773723602,
            0.0
        ],
        "LPA": [
            -0.06711771339178085,
            -5.551115123125783e-17,
            0.0
        ],
        "RPA": [
            0.07241985201835632,
            0.0,
            0.0
        ],
        "coil1": [
            -0.06306661665439606,
            0.011210920289158821,
            -0.006380219478160143
        ],
        "coil2": [
            0.0682843029499054,
            0.01571853831410408,
            -0.008437681943178177
        ],
        "coil3": [
            0.009440194815397263,
            0.11734281480312347,
            0.02899315021932125
        ],
        "coil4": [
            -0.03388124704360962,
            0.10743294656276703,
            0.031001321971416473
        ],
        "coil5": [
            0.05199914425611496,
            0.09629247337579727,
            0.03284758701920509
        ]
    },
    "HeadCoilCoordinateSystem": "RAS",
    "HeadCoilCoordinateUnits": "m"
}
