{
    "MEGCoordinateSystem": "Elekta",
    "MEGCoordinateUnits": "m",
    "HeadCoilCoordinates": {
        "NAS": [
            -2.7755575615628914e-17,
            0.10121121257543564,
            5.551115123125783e-17
        ],
        "LPA": [
            -0.07538530230522156,
            2.7755575615628914e-17,
            0.0
        ],
        "RPA": [
            0.07893533259630203,
            -5.551115123125783e-17,
            5.551115123125783e-17
        ],
        "coil1": [
            -0.07145608216524124,
            0.012170786038041115,
            -0.003925707656890154
        ],
        "coil2": [
            0.07435467094182968,
            0.013184202834963799,
            -0.005921490024775267
        ],
        "coil3": [
            -0.005232628900557756,
            0.11284951865673065,
            0.03800160437822342
        ],
        "coil4": [
            -0.04963725432753563,
            0.09322714060544968,
            0.03552200272679329
        ],
        "coil5": [
            0.03797256201505661,
            0.1039540097117424,
            0.03798748552799225
        ]
    },
    "HeadCoilCoordinateSystem": "RAS",
    "HeadCoilCoordinateUnits": "m"
}
