{
    "MEGCoordinateSystem": "Elekta",
    "MEGCoordinateUnits": "m",
    "HeadCoilCoordinates": {
        "NAS": [
            -1.3877787807814457e-17,
            0.0926860049366951,
            0.0
        ],
        "LPA": [
            -0.07012300193309784,
            2.7755575615628914e-17,
            0.0
        ],
        "RPA": [
            0.07133793830871582,
            -2.7755575615628914e-17,
            -5.551115123125783e-17
        ],
        "coil1": [
            -0.06789511442184448,
            0.009980504401028156,
            -0.00219934550113976
        ],
        "coil2": [
            0.0696929469704628,
            0.010990684852004051,
            -0.005945492070168257
        ],
        "coil3": [
            0.0033387180883437395,
            0.1137550100684166,
            0.03860221058130264
        ],
        "coil4": [
            -0.039200324565172195,
            0.09899738430976868,
            0.03622795268893242
        ],
        "coil5": [
            0.042786721140146255,
            0.09816499799489975,
            0.039759617298841476
        ]
    },
    "HeadCoilCoordinateSystem": "RAS",
    "HeadCoilCoordinateUnits": "m"
}
