{
    "MEGCoordinateSystem": "Elekta",
    "MEGCoordinateUnits": "m",
    "HeadCoilCoordinates": {
        "NAS": [
            0.0,
            0.09962241351604462,
            0.0
        ],
        "LPA": [
            -0.07886916399002075,
            -2.7755575615628914e-17,
            -5.551115123125783e-17
        ],
        "RPA": [
            0.07303270697593689,
            -2.7755575615628914e-17,
            -5.551115123125783e-17
        ],
        "coil1": [
            -0.07708466798067093,
            0.011752942577004433,
            -0.0048798928037285805
        ],
        "coil2": [
            0.07101622223854065,
            0.014142821542918682,
            -0.008894291706383228
        ],
        "coil3": [
            -0.002746876562014222,
            0.10780894011259079,
            0.04159905016422272
        ],
        "coil4": [
            -0.04532679170370102,
            0.09226454794406891,
            0.04113007336854935
        ],
        "coil5": [
            0.04523426666855812,
            0.09491922706365585,
            0.041078004986047745
        ]
    },
    "HeadCoilCoordinateSystem": "RAS",
    "HeadCoilCoordinateUnits": "m"
}
