{
    "MEGCoordinateSystem": "Elekta",
    "MEGCoordinateUnits": "m",
    "HeadCoilCoordinates": {
        "NAS": [
            -1.3877787807814457e-17,
            0.10596054047346115,
            0.0
        ],
        "LPA": [
            -0.07951086759567261,
            0.0,
            0.0
        ],
        "RPA": [
            0.07859154790639877,
            -5.551115123125783e-17,
            -5.551115123125783e-17
        ],
        "coil1": [
            -0.07443192601203918,
            0.010942216031253338,
            -0.009099206887185574
        ],
        "coil2": [
            0.07459359616041183,
            0.010768996551632881,
            -0.008291288278996944
        ],
        "coil3": [
            -0.008474494330585003,
            0.12035734951496124,
            0.03554586321115494
        ],
        "coil4": [
            -0.05228846147656441,
            0.10364651679992676,
            0.03624178469181061
        ],
        "coil5": [
            0.04012184217572212,
            0.11454971134662628,
            0.038845326751470566
        ]
    },
    "HeadCoilCoordinateSystem": "RAS",
    "HeadCoilCoordinateUnits": "m"
}
