{
    "MEGCoordinateSystem": "Elekta",
    "MEGCoordinateUnits": "m",
    "HeadCoilCoordinates": {
        "NAS": [
            1.3877787807814457e-17,
            0.09882329404354095,
            5.551115123125783e-17
        ],
        "LPA": [
            -0.0780414342880249,
            0.0,
            0.0
        ],
        "RPA": [
            0.0730939507484436,
            0.0,
            0.0
        ],
        "coil1": [
            -0.07565600425004959,
            0.01217847689986229,
            -0.0002390274457866326
        ],
        "coil2": [
            0.07193184643983841,
            0.004322141874581575,
            -0.0038063053507357836
        ],
        "coil3": [
            0.001252935966476798,
            0.10349557548761368,
            0.03463582322001457
        ],
        "coil4": [
            -0.04149685427546501,
            0.08874989300966263,
            0.03529234230518341
        ],
        "coil5": [
            0.04178087040781975,
            0.08970831334590912,
            0.03687937930226326
        ]
    },
    "HeadCoilCoordinateSystem": "RAS",
    "HeadCoilCoordinateUnits": "m"
}
