{
    "MEGCoordinateSystem": "Elekta",
    "MEGCoordinateUnits": "m",
    "HeadCoilCoordinates": {
        "NAS": [
            -1.3877787807814457e-17,
            0.1080486997961998,
            0.0
        ],
        "LPA": [
            -0.08202388137578964,
            0.0,
            0.0
        ],
        "RPA": [
            0.07604920864105225,
            0.0,
            0.0
        ],
        "coil1": [
            -0.07783184200525284,
            0.012261158786714077,
            -0.0033539864234626293
        ],
        "coil2": [
            0.07183370739221573,
            0.015793761238455772,
            -0.0017210631631314754
        ],
        "coil3": [
            -0.003993643913418055,
            0.11466018110513687,
            0.03912319242954254
        ],
        "coil4": [
            -0.04565710201859474,
            0.09947380423545837,
            0.042044296860694885
        ],
        "coil5": [
            0.039622288197278976,
            0.1011299341917038,
            0.04281112551689148
        ]
    },
    "HeadCoilCoordinateSystem": "RAS",
    "HeadCoilCoordinateUnits": "m"
}
