{
    "MEGCoordinateSystem": "Elekta",
    "MEGCoordinateUnits": "m",
    "HeadCoilCoordinates": {
        "NAS": [
            -4.163336342344337e-17,
            0.10568902641534805,
            0.0
        ],
        "LPA": [
            -0.07319079339504242,
            0.0,
            0.0
        ],
        "RPA": [
            0.07941263914108276,
            0.0,
            0.0
        ],
        "coil1": [
            -0.07182233780622482,
            0.010818658396601677,
            -0.006839930545538664
        ],
        "coil2": [
            0.07784131169319153,
            0.011965259909629822,
            -0.005045376252382994
        ],
        "coil3": [
            0.004775766283273697,
            0.11895665526390076,
            0.03603314980864525
        ],
        "coil4": [
            -0.041057486087083817,
            0.10516728460788727,
            0.03424234315752983
        ],
        "coil5": [
            0.04758044332265854,
            0.10523434728384018,
            0.03753398358821869
        ]
    },
    "HeadCoilCoordinateSystem": "RAS",
    "HeadCoilCoordinateUnits": "m"
}
