{
    "MEGCoordinateSystem": "Elekta",
    "MEGCoordinateUnits": "m",
    "HeadCoilCoordinates": {
        "NAS": [
            -2.7755575615628914e-17,
            0.098762646317482,
            0.0
        ],
        "LPA": [
            -0.0673983171582222,
            5.551115123125783e-17,
            0.0
        ],
        "RPA": [
            0.07405269891023636,
            0.0,
            0.0
        ],
        "coil1": [
            -0.06619090586900711,
            0.0049028657376766205,
            -0.0030356948263943195
        ],
        "coil2": [
            0.0726604238152504,
            0.010017892345786095,
            -0.0023333996068686247
        ],
        "coil3": [
            -0.010551142506301403,
            0.11270596832036972,
            0.02793712541460991
        ],
        "coil4": [
            -0.04928513243794441,
            0.08745067566633224,
            0.025681203231215477
        ],
        "coil5": [
            0.03711043298244476,
            0.1042255163192749,
            0.0313279815018177
        ]
    },
    "HeadCoilCoordinateSystem": "RAS",
    "HeadCoilCoordinateUnits": "m"
}
