{
    "MEGCoordinateSystem": "Elekta",
    "MEGCoordinateUnits": "m",
    "HeadCoilCoordinates": {
        "NAS": [
            0.0,
            0.09983056038618088,
            0.0
        ],
        "LPA": [
            -0.08338858932256699,
            -5.551115123125783e-17,
            0.0
        ],
        "RPA": [
            0.07579006999731064,
            2.7755575615628914e-17,
            0.0
        ],
        "coil1": [
            -0.08147665113210678,
            0.009208972565829754,
            -9.926126040227246e-06
        ],
        "coil2": [
            0.07219724357128143,
            0.010239890776574612,
            -0.00313295959495008
        ],
        "coil3": [
            -0.0007579390075989068,
            0.10431025177240372,
            0.03808904439210892
        ],
        "coil4": [
            -0.042009156197309494,
            0.09352080523967743,
            0.037402912974357605
        ],
        "coil5": [
            0.04307718947529793,
            0.09015356004238129,
            0.043271344155073166
        ]
    },
    "HeadCoilCoordinateSystem": "RAS",
    "HeadCoilCoordinateUnits": "m"
}
