{
    "MEGCoordinateSystem": "Elekta",
    "MEGCoordinateUnits": "m",
    "HeadCoilCoordinates": {
        "NAS": [
            0.0,
            0.10424166917800903,
            0.0
        ],
        "LPA": [
            -0.07107678800821304,
            5.551115123125783e-17,
            2.7755575615628914e-17
        ],
        "RPA": [
            0.07195153087377548,
            0.0,
            2.7755575615628914e-17
        ],
        "coil1": [
            -0.06662768870592117,
            0.006222158204764128,
            0.006358515936881304
        ],
        "coil2": [
            0.07394220679998398,
            0.00802017841488123,
            0.002424173289909959
        ],
        "coil3": [
            0.0002110982168233022,
            0.11241069436073303,
            0.04129885509610176
        ],
        "coil4": [
            -0.04560666158795357,
            0.09104921668767929,
            0.04120856150984764
        ],
        "coil5": [
            0.040093451738357544,
            0.09964768588542938,
            0.04145005717873573
        ]
    },
    "HeadCoilCoordinateSystem": "RAS",
    "HeadCoilCoordinateUnits": "m"
}
