{
    "MEGCoordinateSystem": "Elekta",
    "MEGCoordinateUnits": "m",
    "HeadCoilCoordinates": {
        "NAS": [
            2.7755575615628914e-17,
            0.1005561575293541,
            -2.7755575615628914e-17
        ],
        "LPA": [
            -0.06660221517086029,
            2.7755575615628914e-17,
            2.7755575615628914e-17
        ],
        "RPA": [
            0.06955042481422424,
            5.551115123125783e-17,
            0.0
        ],
        "coil1": [
            -0.06541486829519272,
            0.008709200657904148,
            -0.006082940846681595
        ],
        "coil2": [
            0.06892901659011841,
            0.010199452750384808,
            -0.004177539609372616
        ],
        "coil3": [
            -0.0005589833599515259,
            0.111590676009655,
            0.02746463008224964
        ],
        "coil4": [
            0.04543007165193558,
            0.09634742140769958,
            0.03440286964178085
        ],
        "coil5": [
            -0.04149174690246582,
            0.09344882518053055,
            0.025787994265556335
        ]
    },
    "HeadCoilCoordinateSystem": "RAS",
    "HeadCoilCoordinateUnits": "m"
}
