{
    "MEGCoordinateSystem": "Elekta",
    "MEGCoordinateUnits": "m",
    "HeadCoilCoordinates": {
        "NAS": [
            0.0,
            0.09834970533847809,
            5.551115123125783e-17
        ],
        "LPA": [
            -0.06947164237499237,
            0.0,
            0.0
        ],
        "RPA": [
            0.0760892778635025,
            0.0,
            5.551115123125783e-17
        ],
        "coil1": [
            -0.06844276189804077,
            0.011128759942948818,
            9.548566595185548e-05
        ],
        "coil2": [
            0.0745815634727478,
            0.007808815222233534,
            -0.0027070981450378895
        ],
        "coil3": [
            0.009036153554916382,
            0.10107918828725815,
            0.04045519605278969
        ],
        "coil4": [
            -0.03240066021680832,
            0.0877225399017334,
            0.041217900812625885
        ],
        "coil5": [
            0.053233664482831955,
            0.08329359441995621,
            0.04280947148799896
        ]
    },
    "HeadCoilCoordinateSystem": "RAS",
    "HeadCoilCoordinateUnits": "m"
}
