{
    "MEGCoordinateSystem": "Elekta",
    "MEGCoordinateUnits": "m",
    "HeadCoilCoordinates": {
        "NAS": [
            0.0,
            0.0971144363284111,
            0.0
        ],
        "LPA": [
            -0.07272294163703918,
            0.0,
            5.551115123125783e-17
        ],
        "RPA": [
            0.07728134095668793,
            5.551115123125783e-17,
            0.0
        ],
        "coil1": [
            -0.07137499749660492,
            0.007367233280092478,
            -0.003733116900548339
        ],
        "coil2": [
            0.07492922246456146,
            0.007198403123766184,
            -0.0008693712879903615
        ],
        "coil3": [
            0.0014838076895102859,
            0.10692182183265686,
            0.03724272921681404
        ],
        "coil4": [
            -0.041315820068120956,
            0.08966343849897385,
            0.041011858731508255
        ],
        "coil5": [
            0.04548732936382294,
            0.08748200535774231,
            0.045035380870103836
        ]
    },
    "HeadCoilCoordinateSystem": "RAS",
    "HeadCoilCoordinateUnits": "m"
}
