{
    "MEGCoordinateSystem": "Elekta",
    "MEGCoordinateUnits": "m",
    "HeadCoilCoordinates": {
        "NAS": [
            1.3877787807814457e-17,
            0.10368669778108597,
            2.7755575615628914e-17
        ],
        "LPA": [
            -0.07079261541366577,
            -5.551115123125783e-17,
            0.0
        ],
        "RPA": [
            0.07025858014822006,
            0.0,
            0.0
        ],
        "coil1": [
            -0.07130132615566254,
            0.004644314292818308,
            -0.0011967330938205123
        ],
        "coil2": [
            0.06945426762104034,
            0.008075927384197712,
            -0.002756428439170122
        ],
        "coil3": [
            -0.010650765150785446,
            0.11574196070432663,
            0.020655807107686996
        ],
        "coil4": [
            -0.05203942954540253,
            0.09441760182380676,
            0.02262617088854313
        ],
        "coil5": [
            0.035326503217220306,
            0.10452602058649063,
            0.02906811237335205
        ]
    },
    "HeadCoilCoordinateSystem": "RAS",
    "HeadCoilCoordinateUnits": "m"
}
