{
    "MEGCoordinateSystem": "Elekta",
    "MEGCoordinateUnits": "m",
    "HeadCoilCoordinates": {
        "NAS": [
            0.0,
            0.10139400511980057,
            0.0
        ],
        "LPA": [
            -0.07911846786737442,
            0.0,
            0.0
        ],
        "RPA": [
            0.07681873440742493,
            5.551115123125783e-17,
            0.0
        ],
        "coil1": [
            -0.0764387771487236,
            0.005498977843672037,
            -0.003957586362957954
        ],
        "coil2": [
            0.07534614205360413,
            0.004647485446184874,
            -0.0015696260379627347
        ],
        "coil3": [
            -0.01104081142693758,
            0.11294227838516235,
            0.019681086763739586
        ],
        "coil4": [
            -0.04915251210331917,
            0.09438743442296982,
            0.026386547833681107
        ],
        "coil5": [
            0.04028019309043884,
            0.10037297755479813,
            0.021453017368912697
        ]
    },
    "HeadCoilCoordinateSystem": "RAS",
    "HeadCoilCoordinateUnits": "m"
}
